35.20658445;33.33028756230401;Ortaköy Devlet Hastanesi
36.0789659;32.84139624763705;Anamur Devlet Hastanesi
36.0851766;35.98875090012953;Samandağ Deniz Hastanesi
36.08703695;35.98272087358653;Samandağ Devlet Hastanesi
36.2030963;29.58593474069123;Kaş Devlet Hastanesi
36.23201804999999;36.16410785319674;Özel Defne Hastanesi
36.235842;36.1697494;Özel Antakya Akademi Hastanesi
36.2701366;36.224283889846646;Hatay Devlet Hastanesi
36.27355395;32.30291454966145;Gazipaşa Devlet Hastanesi
36.30330455;30.14964791085178;Finike Devlet Hastanesi
36.324013949999994;33.41380298521976;Aydıncık Devlet Hastanesi
36.324013949999994;33.41380298521976;Gülnar Devlet Hastanesi
36.36538745;30.306037926004656;Kumluca Devlet Hastanesi
36.383468500000006;33.94479122272727;Özel Olbamed Hastanesi
36.4798018;36.3554816;Kırıkhan Can Hastanesi
36.48810735;36.336009103377904;Kırıkhan Devlet Hastanesi
36.48810735;36.336009103377904;Alsancak Devlet Hastanesi
36.5004838;36.35310993686361;Özel Kırıkhan Bilim Hastanesi
36.5476782;32.00169740882095;Alanya Yaşam Hastanesi
36.5525645;31.9941285;Özel Alanya Şifa Tıp Merkezi
36.55552935;31.99067749615807;Özel Alanya Anadolu Hastanesi
36.56464085;36.15939972955793;Özel İskenderun Gelişim Hastanesi
36.5686112;36.166376;İskenderun Devlet Hastanesi
36.58859645;35.38190050966351;Kemaliye Devlet Hastanesi
36.599007150000006;30.55796051999768;Özel Kemer Yaşam Hastanesi
36.60575095;34.31293470828792;Özel Erdemli Yenişehir Hastanesi
36.61032565;34.30156985013156;Erdemli Devlet Hastanesi
36.6143708;30.5556965;Kemer Anadolu Hastanesi
36.6152894;30.5506594;Kemer Devlet Hastanesi
36.63207615;32.909448440924976;Sandıklı Devlet Hastanesi
36.63207615;32.909448440924976;Ermenek Devlet Hastanesi
36.64833735;30.554048223005168;Enez Devlet Hastanesi
36.6631528;33.42212492935398;Mut Devlet Hastanesi
36.6631528;33.42212492935398;Silifke Devlet Hastanesi
36.7307301;29.939476539005877;Elmalı Devlet Hastanesi
36.74795935;38.94902182080814;Akçakale Devlet Hastanesi
36.76392145;34.54823970999816;Özel Mersin Ortadoğu Hastanesi
36.76874415;31.393064454757166;Manavgat Akdeniz Hastanesi
36.77818192025473;35.79814179201111;Yumurtalık Devlet Hastanesi
36.7830044;34.592023;Mersin Yenişehir Hastanesi
36.78512105;31.412933003926696;Manavgat Bilgi Hastanesi
36.7853414;34.536407849084085;Akdeniz Üniversitesi Tıp Fakültesi
36.7853414;34.536407849084085;Mersin Üniversitesi Hastanesi
36.78662935;31.395796275804507;Özel Side Anadolu Hastanesi
36.78957265;34.58774784685225;Mersin Forum Yaşam Hastanesi
36.7916154;31.42260637500507;Manavgat Yaşam Hastanesi
36.79344095;34.61506319870416;Mersin Akdeniz Hastanesi
36.793774299999995;31.414647029444005;Özel Manavgat Eslem Hastanesi
36.794316300000006;34.615890325751465;IMC Hastanesi
36.795409;31.440567663663003;Manavgat Devlet Hastanesi
36.8061116;31.999691858704043;Gündoğmuş Devlet Hastanesi
36.806233500000005;34.634382262644635;Mersin Toros Devlet Hastanesi
36.80782525;34.6183915;Mersin Su Hastanesi
36.828029900000004;36.21336561737493;Dörtyol Devlet Hastanesi
36.848072849999994;28.25557596489697;Özel Ahu Hastanesi
36.85136415;28.25705786910995;Özel Marmaris Hastanesi
36.8553503;34.608463672412;Mersin Şehir Hastanesi
36.85886205;30.793966217339204;Özel Lara Anadolu Hastanesi
36.8594209;28.258075474010468;Marmaris Devlet Hastanesi
36.86287325;30.730767906435318;Özel Antalya Yaşam Hastanesi
36.8709602;30.634273324805676;Özel Olimpos Hastanesi
36.88184385;28.265110021172447;Marmaris Yücelen Hastanesi
36.88362965;36.92130008976517;Kilis Devlet Hastanesi
36.88362965;36.92130008976517;Musabeyli Devlet Hastanesi
36.8855334;30.740023265528563;Medstar Topçular Hastanesi
36.8871105;30.71892230615446;Özel Antalya Anadolu Hastanesi
36.88981185;30.67824439062806;Antalya Eğitim ve Araştırma Hastanesi
36.8907672;30.6761511;Meltem Hastanesi
36.8930595;30.6209731;Uncalı Meydan Hastanesi
36.89407645;30.684871192415244;Medstar Antalya Hastanesi
36.89737545;30.662618031370307;Akdeniz Üniversitesi Hastanesi
36.89819705;30.691791108700954;Antalya Atatürk Devlet Hastanesi
36.89931585;30.72456623681507;Özel Akdeniz Sağlık Vakfı Yaşam Hastanesi
36.9017591;30.698753421153317;Opera Yaşam Hastanesi
36.90376765;31.07319483146282;Özel Aspendos Anadolu Hastanesi
36.90376765;31.07319483146282;Belek Anadolu Hastanesi
36.9069604;30.6863729;Antalya Tıp Merkezi
36.9069604;30.6863729;Antalya Çallı Meydan Tıp Merkezi
36.9087016;34.88305515682853;Medical Park Tarsus Hastanesi
36.914142749999996;34.90532607405348;Tarsus Devlet Hastanesi
36.9176626;30.693495436100477;Memorial Antalya Hastanesi
36.91995585;31.088832383485155;Serik Devlet Hastanesi
36.93192445;30.72699332130317;Kepez Devlet Hastanesi
36.94433735;30.708739288208548;Özel Akdeniz Şifa Hastanesi
36.97018305;35.308507488492225;Özel Güney Adana Hastanesi
36.9802973;28.679998;Köyceğiz Devlet Hastanesi
36.9822595;35.3379653;Özülkü Tıp Merkezi
36.98575825;38.42161897394945;Suruç Devlet Hastanesi
36.9870027;35.3075898;Adana Cerrahi Tıp Merkezi
36.9898526;35.344520133191736;Özel Algomed Hastanesi
36.9938983;35.3243209;Özel Adana Hastanesi
36.99544765;35.31542761447129;Özel Ortopedıa Hastanesi
36.995492850000005;35.314553599999996;Acıbadem Adana Hastanesi
37.00451705;35.31528131563518;Adana Metro Hastanesi
37.0110114;35.3765343;Özel İsa Alataş Tıp Merkezi
37.01159893664793;35.35478864148807;Yüreğir Devlet Hastanesi
37.0140333;35.32555913784009;Adana Ortadoğu Hastanesi
37.01952045;35.32203587760764;Seyhan Devlet Hastanesi
37.024603049999996;37.98677034569458;Birecik Devlet Hastanesi
37.0266844;35.8192307;Ceyhan Devlet Hastanesi
37.027923099999995;35.3499947938038;Adana Şehir Hastanesi
37.035544900000005;35.306635687092694;Özel Avrupa Hospital Hastanesi
37.0448493;36.62857524019405;İslahiye Devlet Hastanesi
37.0455456;27.426581774884646;Bodrum Devlet Hastanesi
37.04728455;37.381438801735925;Düztepe Yaşam Hastanesi
37.0477776;37.33210427691449;Özel Kemal Bayındır Hastanesi
37.05348505;35.254444747414;Özel Medline Adana Hastanesi
37.05639314308079;35.36251382324771;Balcalı Hastanesi
37.0570333;37.3771729;Tam-Med Hastanesi
37.0601601;37.3791426;Özel Gaziantep Sevgi Hastanesi
37.0605052;35.280233587203384;Çukurova Devlet Hastanesi
37.0631289;37.368392512232454;Özel Hatem Hastanesi
37.0645025;37.394935;Özel Deva Hastanesi
37.0653454;37.36093516732015;25 Aralık Devlet Hastanesi
37.07219765;37.36809031782306;Gaziantep Emek Hastanesi
37.0726417;36.2461123;Osmaniye Park Hastanesi
37.07763046904279;37.36789557747768;NCR Internatıonal Hospıtal
37.08159775;30.2020798015834;Korkuteli Devlet Hastanesi
37.0840023;36.274384;Osmaniye Devlet Hastanesi
37.09155665;41.19109704390492;Nusaybin Devlet Hastanesi
37.15523225;38.77534146721142;Balıklıgöl Devlet Hastanesi
37.155402968376556;38.80424064887794;Özel Nev Hastanesi
37.15965325;38.79058944666633;Özel Meydan Hastanesi
37.1655523;28.36623185939066;Muğla Eğitim ve Araştırma Hastanesi
37.1731904;33.2226255;Karaman Selçuklu Hastanesi
37.1736971;38.81365913628103;Özel Şanmed Hastanesi
37.1774785;28.37161443674446;Muğla Yücelen Hastanesi
37.1836064;38.8126487070121;Şanlıurfa Eğitim ve Araştırma Hastanesi
37.1836064;38.8126487070121;Şanlıurfa Mehmet Akif İnan Hastanesi
37.18436965;36.73322448480833;Nurdağı Devlet Hastanesi
37.18588724999999;40.59805261027054;Özel İpekyolu Hastanesi
37.18932385;32.227107152375;Bozkır Devlet Hastanesi
37.21105875;39.77114061986886;Ceylanpınar Devlet Hastanesi
37.21105875;39.77114061986886;Viranşehir Devlet Hastanesi
37.21400185;28.36877957209368;Menteşe Devlet Hastanesi
37.2160449;38.798355331647706;Metrolife Hastanesi
37.2191505;38.79691065;Şanlıurfa Lotus Hastanesi
37.226693049999994;40.625225062783024;Kızıltepe Devlet Hastanesi
37.229908949999995;37.947084925766156;Halfeti Devlet Hastanesi
37.2441844;36.46101309458271;Düziçi Devlet Hastanesi
37.251986163122545;35.648433157838745;İmamoğlu Devlet Hastanesi
37.2540142;35.061111562612155;Karaisalı Devlet Hastanesi
37.259364399999995;42.45551489114219;Silopi Devlet Hastanesi
37.306065700000005;44.57268832968545;Şemdinli Devlet Hastanesi
37.3074734;27.781581235084783;Özel İzan Sağlık Hastanesi
37.314828750000004;42.19321836047132;Cizre Devlet Hastanesi
37.325554600000004;40.72089521981997;Mardin Park Hastanesi
37.33308585;27.762193815996614;Milas 75. Yıl Devlet Hastanesi
37.33673475;40.70625962087607;Mardin Devlet Hastanesi
37.3378592;28.138865056645514;Yatağan Devlet Hastanesi
37.3398624;41.900662821780536;İdil Devlet Hastanesi
37.34532075;36.097684157724885;Kadirli Devlet Hastanesi
37.37147555;27.2759196081429;Didim Devlet Hastanesi
37.3726786;40.271427549048376;Derik Devlet Hastanesi
37.39019725;36.86658168788652;Türkoğlu Devlet Hastanesi
37.3991415;40.94338338359574;Mardin Ömerli Devlet Hastanesi
37.41043165;41.351939915147724;Midyat Devlet Hastanesi
37.42817235;29.335188432572494;Acıpayam Devlet Hastanesi
37.42911665;31.831435134985448;Seydişehir Devlet Hastanesi
37.43995634755607;28.848783880631576;Denizli Kale Devlet Hastanesi
37.4496016;35.807339027479884;Özel Kalepark Hastanesi
37.45679235;30.592335245865204;Lider Hastanesi
37.4579317;30.590201271882492;Bucak Devlet Hastanesi
37.4603163;34.87346705463362;Pozantı Devlet Hastanesi
37.4603163;34.87346705463362;Alpu Devlet Hastanesi
37.4650145;35.82513462291166;Feke Devlet Hastanesi
37.4650145;35.82513462291166;Kozan Devlet Hastanesi
37.4650145;35.82513462291166;Türkeli Devlet Hastanesi
37.46935245;34.044556459241754;Konya Ereğli Devlet Hastanesi
37.46935245;34.044556459241754;Ereğli Anadolu Hastanesi
37.5029728;37.004337629787585;Kahramanmaraş Şehir Hastanesi
37.5174621;42.44139345306402;Şırnak Devlet Hastanesi
37.54511465;40.880050451291225;Savur Devlet Hastanesi
37.54524682716412;35.40549736092928;Aladağ Devlet Hastanesi
37.5511458;34.485156269271044;Ulukışla Devlet Hastanesi
37.567533100000006;41.38592702421687;Gercüş Devlet Hastanesi
37.5680126;44.22793223526903;Yüksekova Devlet Hastanesi
37.569989250000006;43.15961970386288;Beytüşşebap Devlet Hastanesi
37.57241415;32.745877490881156;Çumra Devlet Hastanesi
37.572770399999996;43.732849719986206;Hakkari Devlet Hastanesi
37.5728266;36.924564;Özel Uğur Göz Hastanesi
37.574724;36.921295365230606;Megapark Hastanesi
37.5775797;36.9287658;Kahramanmaraş Hayat Hastanesi
37.582181750000004;29.060617192246305;Kuyucak Devlet Hastanesi
37.582181750000004;29.060617192246305;Tavas Devlet Hastanesi
37.59377225;36.92282567796657;Karamanlı Devlet Hastanesi
37.59956535;38.978848790464355;Hilvan Devlet Hastanesi
37.6679186;31.73708187890676;Beyşehir Devlet Hastanesi
37.6749479;28.317558258931875;Bozdoğan Devlet Hastanesi
37.67876255;37.887983965050104;Besni Devlet Hastanesi
37.6977689;39.269910884861275;Siverek Devlet Hastanesi
37.7135105;33.566351057348655;Karapınar Devlet Hastanesi
37.724147650000006;30.292635595399197;Burdur Devlet Hastanesi
37.73176465;41.42047359956712;Hasankeyf Devlet Hastanesi
37.739489500000005;29.113369088449645;Denizli Cerrahi Hastanesi
37.7482777;27.415820936037154;Söke Egemed Hastanesı
37.7483342;42.17933024316507;Eruh Devlet Hastanesi
37.759179700000004;29.266597825568198;Honaz Devlet Hastanesi
37.7599832;38.278920299999996;Adıyaman Gözde Hastanesi
37.7649051;27.40373282480855;Söke Devlet Hastanesi
37.76760144727995;38.32370646292181;Adıyaman Devlet Eğitim ve Araştırma Hastanesi
37.7680982;30.5519126;Özel Davraz Yaşam Hastanesi
37.7741206;29.044691234714847;Özel Denizli Sağlık Hastanesi
37.77653455;29.01919439129226;Servergazi Devlet Hastanesi
37.776914250000004;30.56084093103448;Isparta Şehir Hastanesi
37.7779559;29.0567611;Denipol Hastanesi
37.78066685;29.06956998705313;Denizli Tekden Hastanesi
37.783594949999994;29.079288207979566;Denizli Devlet Hastanesi
37.78496655;29.093423700000002;Özel Odak Hastanesi
37.78991705;37.66007909277944;Gölbaşı Devlet Hastanesi
37.79767745;38.606529949475444;Kahta Devlet Hastanesi
37.80078665;30.537491257066648;Meddem Hastanesi
37.8368988;40.612264418020466;Bismil Devlet Hastanesi
37.837578449999995;34.99844637135861;Maden Devlet Hastanesi
37.837578449999995;34.99844637135861;Çamardı Devlet Hastanesi
37.8400848;27.839786;Aydın Atatürk Devlet Hastanesi
37.8484849;27.836982223320526;Aydın Devlet Hastanesi
37.857978450000004;32.550020459826726;Konya Şehir Hastanesi
37.8664459;27.2651423;Kuşadası Gözde Hastanesi
37.866553249999996;32.48743767137288;Konya Anıt Hastanesi
37.87417915;27.59179954005363;Germencik Devlet Hastanesi
37.8780142;32.4889041;Konya Büyükşehir Hastanesi
37.878435999999994;27.26744972989239;Kuşadası Devlet Hastanesi
37.8794803;32.44870245457215;Akademi Meram Hastanesi
37.879822149999995;32.489908775793104;Konya Numune Hastanesi
37.8840651;32.45637694937335;Selçuk Üniversitesi Hastanesi
37.8853981;32.431797324416905;Meram Tıp Fakültesi Hastanesi
37.8895715;41.12546045365161;Batman İluh Devlet Hastanesi
37.8947495;41.12868007115385;Batman Yaşam Hastanesi
37.8964587;41.126578705264;Özel Zilan Hastanesi
37.8992163;41.130214550000005;Özel Batman Hastanesi
37.90233055;41.14303504071566;Batman Dünya Hastanesi
37.904564199999996;40.2305885571223;Memorial Dicle Hastanesi
37.91017945;32.50072888781832;Konya Hospital Hastanesi
37.91253625;41.13815092395217;Batman Eğitim ve Araştırma Hastanesi
37.91433515;34.55805837243672;Bor Devlet Hastanesi
37.918496700000006;40.208034464889074;Özel Bağlar Hastanesi
37.91894695;40.239901594785564;Diyarbakır Selahaddin Eyyubi Devlet Hastanesi
37.9201407;40.265380743503414;Dicle Üniversitesi Hastanesi
37.9205558;28.338407647785026;Nazilli Devlet Hastanesi
37.9205558;28.338407647785026;Altıntaş Devlet Hastanesi
37.92131905;41.285861897778894;Beşiri Devlet Hastanesi
37.9231315;29.8632809;Yenice Devlet Hastanesi
37.92814435;41.694132439008655;Kurtalan Devlet Hastanesi
37.93118885;40.204396566093976;Özel Sultan Hastanesi
37.93395955;42.54676766648758;Pervari Devlet Hastanesi
37.9361342;40.18776861493399;Memorial Diyarbakır Hastanesi
37.94127975;41.93759806154198;Siirt Devlet Hastanesi
37.94203637997887;27.36862900498091;Özel ABC Selçuk Polikliniği
37.945133999999996;32.501999449942105;Özel Medova Hastanesi
37.9494752;32.4922384;Beyhekim Hastanesi
37.96271815;34.665026081806545;Niğde Hayat Hastanesi
37.9792922;32.52309950572833;Konya Farabi Hastanesi
37.98058181659839;36.08381826504863;Saimbeyli Devlet Hastanesi
37.984919;40.13565205446078;Diyarbakır Gazi Yaşargil Eğitim ve Araştırma Hastanesi
37.988026500000004;32.48393103406796;Beyhekim Devlet Hastanesi
38.007843199999996;43.06144651436604;Çatak Devlet Hastanesi
38.02080915;32.512575289478214;Akademi Konya Hastanesi
38.02913888602981;39.02748596973861;Gerger Devlet Hastanesi
38.0294224;36.55049936458375;Göksun Devlet Hastanesi
38.03392735;38.252622662906276;Çelikhan Devlet Hastanesi
38.0371684;44.02100063059264;Başkale Devlet Hastanesi
38.07780965;30.45700797253115;Isparta Devlet Hastanesi
38.07780965;30.45700797253115;Uluborlu Devlet Hastanesi
38.0815895;29.3924911;Çal Devlet Hastanesi
38.0815895;29.3924911;Denizli Güney Devlet Hastanesi
38.1008256;27.7219065837551;Tire Devlet Hastanesi
38.117184949999995;42.806890854826904;Van Bahçesaray Devlet Hastanesi
38.128650449999995;39.4504388550253;Çermik Devlet Hastanesi
38.14282235921178;27.36699625340832;Özel Torbalı Tıp Merkezi
38.155883599999996;40.96840591996758;Silvan Devlet Hastanesi
38.15997635;41.7817759534168;Baykan Devlet Hastanesi
38.164199550000006;41.499502148352946;Kozluk Devlet Hastanesi
38.1758981;27.35797068799902;Torbalı Devlet Hastanesi
38.1959158;38.8688145;Pötürge Devlet Hastanesi
38.197877899999995;26.84566852667507;Seferihisar Devlet Hastanesi
38.203360599999996;37.158684813831954;Elbistan Devlet Hastanesi
38.206149350000004;37.184799367840476;Elbistan Yaşam Hastanesi
38.221432899999996;27.649881765759435;Bayındır Devlet Hastanesi
38.227152649999994;42.424050634959784;Hizan Devlet Hastanesi
38.2305001;27.987481559005804;Ödemiş Devlet Hastanesi
38.2305137;28.2183954;Kiraz Devlet Hastanesi
38.2305137;28.2183954;Sarıgöl Devlet Hastanesi
38.236863850000006;36.89591352358065;Afşin Devlet Hastanesi
38.23801655;32.23277011957234;Kadınhanı Devlet Hastanesi
38.24122235;27.275682394933796;Özel Medifema Hastanesi
38.2462042;33.54643546977222;Anadolu Sağlık Merkezi Hastanesi
38.2576131;36.21338725675878;Tufanbeyli Devlet Hastanesi
38.2582034;40.08574350533834;Eğil Devlet Hastanesi
38.261656;32.40796160840151;Sarayönü Devlet Hastanesi
38.26430085;39.782410139548865;Dicle Devlet Hastanesi
38.26430085;39.782410139548865;Ergani Devlet Hastanesi
38.285164300000005;31.895024208095794;Ilgın Devlet Hastanesi
38.2855474;40.50270858668185;Kocaköy Devlet Hastanesi
38.286864449999996;31.18103140061554;Yalvaç Devlet Hastanesi
38.30740825;43.11021944649627;Karşıyaka Devlet Hastanesi
38.30740825;43.11021944649627;Gevaş Devlet Hastanesi
38.3093019;29.7408231;Çivril Devlet Hastanesi
38.3302668;26.74600407358119;Urla Devlet Hastanesi
38.3397895;41.4128186315601;Sason Devlet Hastanesi
38.3417829;28.533112899552556;Alaşehir Devlet Hastanesi
38.3417829;28.533112899552556;Manisa Devlet Hastanesi
38.345102749999995;31.44263705986311;Akşehir Devlet Hastanesi
38.3462608;38.3298162;Özel Müjde Hastanesi
38.34874885;38.28026722196205;Malatya Eğitim ve Araştırma Hastanesi
38.34874885;38.28026722196205;Yeşilyurt Devlet Hastanesi
38.3490534;38.322648;Malatya Hayat Hastanesi
38.3573057;33.978079976284945;Özel Aksaray Hastanesi
38.35734125;35.0866941;Köşk Devlet Hastanesi
38.35734125;35.0866941;Yeşilhisar Devlet Hastanesi
38.35886;34.0406494;İnova Hastanesi
38.37960903471958;27.17627947292433;Buca Seyfi Demirsoy Devlet Hastanesi
38.383965149999995;35.48767541110249;Develi Devlet Hastanesi
38.383965149999995;35.48767541110249;Kayseri Devlet Hastanesi
38.3951225;27.034139;Mustafa Kemal Üniversitesi Hastanesi
38.3951225;27.034139;Dokuz Eylül Üniversitesi Hastanesi
38.39937705930005;27.117410447532155;Bozyaka Eğitim ve Araştırma Hastanesi
38.4001117;27.1278963;Egepol Hastanesi
38.40264364234761;38.75007619324099;Malatya Kale Devlet Hastanesi
38.4027334;27.11200991057418;İzmir Atatürk Eğitim ve Araştırma Hastanesi
38.411218649999995;27.122800488101593;Özel Karataş Hastanesi
38.4228838;27.165935952303258;Tepecik Eğitim ve Araştırma Hastanesi
38.424183694213134;27.1359747314983;Özel Çankaya Tıp Merkezi
38.4242763;27.1682518;Özel Ege Şehir Hastanesi
38.4248293;27.168444;Özel İzmir Gözde Hastanesi
38.43052980798011;27.153268435146263;Özel Medicana International İzmir Hastanesi
38.4362086;27.41006034190333;Kemalpaşa Devlet Hastanesi
38.4408516;27.1724999;Çınarlı Hastanesi
38.4418298;42.1402672110064;Bitlis Devlet Hastanesi
38.45357985;35.799377473995165;Tomarza Devlet Hastanesi
38.455597850000004;27.210425496104257;Ege Üniversitesi Tıp Fakültesi Hastanesi
38.46073855;43.34206473531604;Van Eğitim ve Araştırma Hastanesi
38.469885250000004;27.113497599999995;İzmir Park Tıp Merkezi
38.4728947;31.62806482707131;Konya Tuzlukçu Devlet Hastanesi
38.47822495;28.1408131468701;Salihli Devlet Hastanesi
38.478864349999995;28.16200219810571;Salihli Can Hastanesi
38.48285225;27.058195009424534;İzmir Can Hastanesi
38.48321985;28.1503602508634;Özel Salihli Hastanesi
38.484230800000006;28.13014344220499;Özel Medigüneş Hastanesi
38.48973465;27.05150380592451;Özel Kent Hastanesi
38.49094355;42.18916966591829;Tatvan Devlet Hastanesi
38.49193135;27.690348312660944;Turgutlu Devlet Hastanesi
38.5061502;42.28062852772924;Özel Tatvan Can Hastanesi
38.5079844;42.285860587381634;Ahlat Devlet Hastanesi
38.53484685;31.23903783015501;Selçuk Devlet Hastanesi
38.5673494;37.48919894051781;Darende Devlet Hastanesi
38.56883835;42.05123631046457;Güroymak Devlet Hastanesi
38.5918330234407;27.074511005539872;Özel Sada Hastanesi
38.594289849999996;31.00294994611572;Çay Devlet Hastanesi
38.6125337;27.37785892139175;Celal Bayar Üniversitesi Hastanesi
38.618894749999995;27.436312556033236;Özel Sekiz Eylül Hastanesi
38.6309911;34.737870495673945;Versa Hastanesi
38.6324696;34.91273485092168;Ürgüp Devlet Hastanesi
38.63529927410883;26.521957379658218;Karaburun Devlet Hastanesi
38.6446225;34.73293026808659;Kapadokya Hastanesi
38.6557989;34.72761917788091;Nevşehir Devlet Hastanesi
38.6646321;39.176019632812924;Doğu Anadolu Hastanesi
38.6661546;32.921475518713095;Cihanbeyli Devlet Hastanesi
38.675879699999996;29.388022806910673;Özel Öztan Hastanesi
38.6818988;39.20528547188948;Fırat Üniversitesi Hastanesi
38.6889317;39.2713714760268;Elazığ Şehir Hastanesi
38.69421025;39.929250977309536;Kovancılar Devlet Hastanesi
38.69421025;39.929250977309536;Palu Devlet Hastanesi
38.71330775;35.494168924295906;Erciyes Hastanesi
38.71870895;35.49270115;Kayseri İbni Sina Hastanesi
38.72225665;35.4827915398604;Kayseri Tekden Hastanesi
38.7229763;35.48036055;Dünyam Hastanesi
38.7249511;35.514974767007985;Melikgazi Hastanesi
38.73043525;31.046652893953002;Bolvadin Devlet Hastanesi
38.7370205;41.4942881;Muş Şifa Hastanesi
38.73761435;29.739953439908803;Banaz Devlet Hastanesi
38.7417101;26.837214296557427;Foça Devlet Hastanesi
38.743947750000004;41.5190949404041;Muş Devlet Hastanesi
38.74647665;28.86854480897829;Selendi Devlet Hastanesi
38.748607750000005;40.54979380778198;Genç Devlet Hastanesi
38.7654881;30.569044819358993;Afyon Fuar Hastanesi
38.7685915;35.40904033742524;Kayseri Şehir Hastanesi
38.783477950000005;30.51372354139182;Afyonkarahisar Devlet Hastanesi
38.78507945;30.468180768060684;Afyonkarahisar Sağlık Bilimleri Üniversitesi Hastanesi
38.78858216789374;26.970283178255453;Aliağa Devlet Hastanesi
38.80985585;37.94106078072278;Hekimhan Devlet Hastanesi
38.822010750000004;31.72670495448282;Yunak Devlet Hastanesi
38.868242550000005;39.325061489725954;Tunceli Devlet Hastanesi
38.868242550000005;39.325061489725954;Pertek Devlet Hastanesi
38.9059867;40.52338180830539;Bingöl Devlet Hastanesi
38.913889850000004;27.830563030570403;Akhisar Hastanesi
38.938033399999995;34.55546484326037;Hacıbektaş Devlet Hastanesi
38.94022955;28.279650696116683;Akhisar Devlet Hastanesi
38.94022955;28.279650696116683;Gördes Devlet Hastanesi
38.94685125;40.0493403616302;Karakoçan Devlet Hastanesi
38.9548551;33.52882451814102;Şereflikoçhisar Devlet Hastanesi
38.95956555;41.040113618448125;Solhan Devlet Hastanesi
38.95956555;41.040113618448125;Yeşilova Devlet Hastanesi
38.98558655;29.386736584590775;Gediz Devlet Hastanesi
38.9899713;43.75952158804644;Muradiye Devlet Hastanesi
39.00566585;31.144329670474136;Emirdağ Devlet Hastanesi
39.01787795;43.350830219318595;Erciş Devlet Hastanesi
39.0276712;28.6417245688874;Demirci Devlet Hastanesi
39.0648856;26.892423834817905;Dikili Devlet Hastanesi
39.0896592;33.07060198841033;Kulu Devlet Hastanesi
39.092146;28.989761068853447;Simav Devlet Hastanesi
39.095314450000004;42.27520054274069;Bulanık Devlet Hastanesi
39.118296349999994;27.197276352211656;Bergama Devlet Hastanesi
39.15309115;42.551024884905544;Malazgirt Devlet Hastanesi
39.15604365;41.44758113794424;Varto Devlet Hastanesi
39.1832524;27.552906537717824;Soma Devlet Hastanesi
39.189268350000006;42.842752925453766;Patnos Devlet Hastanesi
39.1953927;35.25410876097148;Boğazlıyan Devlet Hastanesi
39.23507831992767;42.86145346507399;Özel Ağrı Medicenter Tıp Merkezi
39.2359795;37.40478900429797;Kangal Devlet Hastanesi
39.3081264;41.04434044263175;Karlıova Devlet Hastanesi
39.32137575;26.70859510713802;Ayvalık Devlet Hastanesi
39.35038285;42.09390696113849;Karaçoban Devlet Hastanesi
39.3524723;36.42705638159681;Şarkışla Devlet Hastanesi
39.35323555;38.106693827238985;Divriği Devlet Hastanesi
39.36749945;31.03459044620805;Çifteler Devlet Hastanesi
39.368051;41.699418470224714;Hınıs Devlet Hastanesi
39.38687195;26.841074503423357;Gömeç Devlet Hastanesi
39.400322599999996;28.126889756631243;Bigadiç Devlet Hastanesi
39.41672565;29.992979507433745;Özel Kütahya Anadolu Hastanesi
39.417207399999995;29.990487857252063;Fatih Sultan Mehmet Hastanesi
39.434198550000005;32.51184728934921;Haymana Devlet Hastanesi
39.490733750000004;35.38295797366655;Sarıkaya Devlet Hastanesi
39.49778475;26.965124896594602;Burhaniye Devlet Hastanesi
39.4981656015591;34.75961584514508;Şefaatli Devlet Hastanesi
39.535739899999996;42.77854668514131;Tutak Devlet Hastanesi
39.53977495;44.019227388994494;Doğubeyazıt Devlet Hastanesi
39.55310245;29.48423856284593;Tavşanlı Devlet Hastanesi
39.553917049999995;43.663227490254236;Diyadin Devlet Hastanesi
39.55514468021458;44.05964766899274;Özel Mediza Hastanesi
39.559719;44.030712;Kula Devlet Hastanesi
39.5622428;27.09804498843648;Havran Devlet Hastanesi
39.5765377;27.0430473;Edremit Devlet Hastanesi
39.5788144;32.1495959;Polatlı Can Hastanesi
39.5788144;32.1495959;Esentepe Hastanesi
39.585196249999996;27.4975498181632;İvrindi Devlet Hastanesi
39.58872795;32.16715335704936;Polatlı Duatepe Devlet Hastanesi
39.59216835;28.63125649146088;Dursunbey Devlet Hastanesi
39.59913795;26.993480311973272;Özel Edremit Körfez Hastanesi
39.60795412677172;42.988349732631114;Hamur Devlet Hastanesi
39.61108675;27.889579977899572;Balıkesir Atatürk Şehir Hastanesi
39.63902796610223;43.372786634501296;Taşlıçay Devlet Hastanesi
39.65413465;27.892044557939887;Balıkesir Devlet Hastanesi
39.66451884999999;35.869077609045476;Akdağmadeni Devlet Hastanesi
39.665224800000004;27.909169751896663;Balıkesir Sevgi Hastanesi
39.68867015;28.15727248622668;Kepsut Devlet Hastanesi
39.70947045;37.029993867022185;Cumhuriyet Üniversitesi Hastanesi
39.71617061595865;43.003828827708325;Ağrı Devlet Eğitim ve Araştırma Hastanesi
39.740706599999996;37.04037493476669;Sivas Numune Hastanesi
39.7415446;37.028245410448406;Medicana Sivas Hastanesi
39.748243900000006;30.595599396784138;Eskişehir Şehir Hastanesi
39.75132309999999;30.49051296151343;Eskişehir Osmangazi Üniversitesi Hastanesi
39.7623744;30.499639836550813;Özel Ümit Vişnelik Hastanesi
39.7623744;30.499639836550813;Özel Ümit Hastanesi
39.76720855;30.51386837239511;Özel Eskişehir Anadolu Hastanesi
39.7789841;40.37873181995563;Tercan Devlet Hastanesi
39.7789841;40.37873181995563;Kazımkarabekir Devlet Hastanesi
39.78497335;30.495182874548014;Acıbadem Eskişehir Hastanesi
39.785501749999995;30.48897268270001;Eskişehir Yunus Emre Devlet Hastanesi
39.79519535;30.534961462333214;Özel Gürlife Hastanesi
39.7992253;42.67962489999024;Eleşkirt Devlet Hastanesi
39.80417535;35.18907672528511;Sorgun Devlet Hastanesi
39.81092815;26.612337845460267;Bayramiç Devlet Hastanesi
39.81092815;26.612337845460267;Üzümlü Devlet Hastanesi
39.817942200000005;34.796145844928446;Bozok Üniversitesi Hastanesi
39.8248787;34.8184327;Çine Devlet Hastanesi
39.83035205;34.8469443721288;Yozgat Şehir Hastanesi
39.83312075;32.71945684417166;Lösante Çocuk ve Yetişkin Hastanesi
39.843377950000004;32.72919624205356;Beytepe Devlet Hastanesi
39.8474961;32.8385045502322;Acıbadem Ankara Hastanesi
39.86211575;33.482253790918136;Kırıkkale Yüksek İhtisas Hastanesi
39.869153749999995;38.11841311163122;İmranlı Devlet Hastanesi
39.869969850000004;31.488997509601468;Mihalıççık Devlet Hastanesi
39.871002399999995;36.61585427081701;Yıldızeli Devlet Hastanesi
39.88283305;32.871793800000006;Çankaya Yaşam Hastanesi
39.8873669;41.23578028986556;Erzurum Bölge Eğitim ve Araştırma Hastanesi
39.89195085;32.810280300388726;Ankara Yüzüncü Yıl Hastanesi
39.8924972;32.8263122;Ankara Cerrahi Tıp Merkezi
39.8924972;32.8263122;Çankaya Tıp Merkezi
39.89259735;37.748951281703896;Zara Devlet Hastanesi
39.894876249999996;41.26907074186356;Erzurum Ataturk Üniversitesi Araştırma Hastanesi
39.88127648838531;41.2629345652556;Mareşal Çakmak Devlet Hastanesi
39.896563405392286;41.24003277998855;Atatürk Üniversitesi Yakutiye Araştırma Hastanesi
39.8960002;41.27256305613879;Özel Buhara Hastanesi
39.8985322;32.7076854;Başkent Üniversitesi Ankara Hastanesi
39.90071935;41.26773967421845;Palandöken Devlet Hastanesi
39.90098355;32.75706084369701;Ankara Şehir Hastanesi
39.90367485;32.81520321903015;Memorial Ankara Hastanesi
39.9046095;32.854615823891166;Güven Hastanesi
39.9047963;32.8633166;Çankaya Hastanesi
39.9064721;32.8635098;Özel Kavaklıdere Umut Hastanesi
39.9064721;32.8635098;Ankara Umut Hastanesi
39.91026395;32.81352074487279;Ufuk Üniversitesi Hastanesi
39.910487599999996;28.986605657789752;Harmancık Devlet Hastanesi
39.910487599999996;28.986605657789752;Orhaneli Devlet Hastanesi
39.91323345;32.80580701924437;TOBB ETÜ Hastanesi
39.9151523;44.05028057999236;Özel Bulut Hastanesi
39.916346250000004;28.1513054535181;Susurluk Devlet Hastanesi
39.91685685;33.23116048050595;Elmadağ Devlet Hastanesi
39.9175489;40.68054099882675;Aşkale Devlet Hastanesi
39.931278750000004;32.86325416911468;Hacettepe Üniversitesi Hastanesi
39.933253050000005;32.88392392986431;Ankara Üniversitesi Tıp Fakültesi Cebeci Hastanesi
39.933704399999996;32.823119552945585;Gazi Üniversitesi Hastanesi
39.93703755;32.875750300840544;Ankara Eğitim ve Araştırma Hastanesi
39.938246199999995;44.073934384058234;Iğdır Devlet Hastanesi
39.945059;32.82406177977498;Ankara Gazi Mustafa Kemal Devlet Hastanesi
39.945801754272104;32.66696141641328;Etimesgut Devlet Hastanesi
39.94936725;32.58656030971257;Sincan Devlet Hastanesi
39.9503519;32.71619136975143;Ankara Bilgi Hastanesi
39.95353377409962;32.628085503713805;Özel A Life Park Hospital Ankara Hastanesi
39.95652630074881;32.5814044717446;Lokman Hekim Ankara Hastanesi
39.9634817;32.5797041;Sincan Tıp Merkezi
39.96451954880567;32.80356530072403;Özel Ankara Ortadoğu Hastanesi
39.965435044577276;32.58633655753677;Özel Koru Sincan Hastanesi
39.96895025;32.84629287187289;Gülhane Eğitim ve Araştırma Hastanesi
39.97042885;32.69463651792552;Batı Anadolu Central Hospital Hastanesi
39.9717794;32.652336784998255;Özel Eryaman Hastanesi
39.980191649999995;32.82221297448207;Ankara Deva Tıp Merkezi
39.98129735;41.66798253272283;Pasinler Devlet Hastanesi
40.37505064850294;36.89498318696565;Almus Devlet Hastanesi
40.0022099;32.87355884579063;Özel Keçiören Hastanesi
40.00229605;32.85690655665971;Keçiören Eğitim ve Araştırma Hastanesi
40.00792095;32.86109197629394;Ankara Meslek Hastalıkları Hastanesi
40.0289494;28.363321314933057;Mustafakemalpaşa Devlet Hastanesi
40.0289494;28.363321314933057;Taşköprü Devlet Hastanesi
40.030389799999995;30.17704690545505;Söğüt Devlet Hastanesi
37.12033473678972;38.83183301754221;Şanlıurfa Eyyübiye Eğitim ve Araştırma Hastanesi
40.06968365;35.48545175219883;Çekerek Devlet Hastanesi
40.0810751;29.497730334877126;İnegöl Devlet Hastanesi
40.08939835;29.506231409231717;Özel Cihangir Hastanesi
40.0895081;29.495237776357342;Özel Aritmi İnegöl Hastanesi
40.0960948;26.39069722313894;Çanakkale 18 Mart Üniversitesi Hastanesi
40.1017881;27.677626876497442;Gönen Devlet Hastanesi
40.10611595;39.456668328146066;Kelkit Devlet Hastanesi
40.1191547;36.2980012;Artova Devlet Hastanesi
40.1191547;36.2980012;Altınova Devlet Hastanesi
40.13078525;26.41190430173236;Çanakkale Anadolu Hastanesi
40.155749650000004;43.11745178835796;Kağızman Devlet Hastanesi
40.1587855;26.42009619067305;Çanakkale Devlet Hastanesi
40.16262705;31.930414857479413;Beypazarı Devlet Hastanesi
40.169450350000005;38.08210021522098;Suşehri Devlet Hastanesi
40.169450350000005;38.08210021522098;Su Hospital Hastanesi
40.1724203;34.40018137576324;Sungurlu Devlet Hastanesi
40.187089150000006;29.052382647486162;Bursa Devlet Hastanesi
40.18880945;39.12329706315599;Şiran Devlet Hastanesi
40.191165350000006;29.11488357651254;Medicabil Hastanesi
40.191842050000005;29.109421413487922;Doruk Tıp Merkezi
40.191963400000006;29.10990221722769;Doruk Yıldırım Hastanesi
40.194142049999996;31.337945661603253;Nallıhan Devlet Hastanesi
40.19753605;25.901974843670175;Gökçeada Devlet Hastanesi
40.19881205;29.202341106276194;Kestel Devlet Hastanesi
40.20211155;29.01361215428171;Çekirge Devlet Hastanesi
40.20284355;32.68004456803307;Ankara 29 Mayıs Devlet Hastanesi
40.20284355;32.68004456803307;Kazan Devlet Hastanesi
40.20284355;32.68004456803307;19 Mayıs Devlet Hastanesi
40.2062437;28.9937293;Özel Jimer Hastanesi
40.2081263;28.3479985;Karacabey Devlet Hastanesi
40.21291335;28.976232781922757;Acıbadem Bursa Hastanesi
40.221353449999995;28.959890349999995;Özel Pedmer Tıp Merkezi
40.2254449;29.173152176904793;Gürsu Cüneyt Yıldız Devlet Hastanesi
40.23020305;33.03315218122953;Çubuk Devlet Hastanesi
40.2317202;28.97991411662653;Bursa Yüksek İhtisas Eğitim ve Araştırma Hastanesi
40.23340025;27.26007350974462;Özel Biga Can Hastanesi
40.2399354;27.264931225626963;Biga Devlet Hastanesi
40.26584335;40.21101009721322;Bayburt Devlet Hastanesi
40.266882800000005;29.63200205798447;Bursa Yenişehir Devlet Hastanesi
40.266882800000005;29.63200205798447;Yenişehir Devlet Hastanesi
40.298783900000004;41.543139946395485;Tortum Devlet Hastanesi
40.298848050000004;38.42598064335836;Şebinkarahisar Devlet Hastanesi
40.30774195;35.90289175770585;Zile Devlet Hastanesi
40.323096750000005;28.929338816348057;Mudanya Devlet Hastanesi
40.32729435;36.56350705503168;Tokat Devlet Hastanesi
40.33877165;27.93516102430906;Bandırma Devlet Hastanesi
40.340710099999995;27.96637326548622;Özel Bandırma Royal Hastanesi
40.3469755;26.6842568;Lapseki Devlet Hastanesi
40.34933575;41.85726177388174;Narman Devlet Hastanesi
40.362887900000004;30.00535735243251;Osmaneli Devlet Hastanesi
40.38192345;43.41490415981307;Digor Devlet Hastanesi
40.384829100000005;36.076761806269005;Turhal Devlet Hastanesi
40.39571255;27.79215723556882;Erdek Devlet Hastanesi
40.4180797;26.6749525;Gelibolu Devlet Hastanesi
40.4329798;29.18581056866921;Gemlik Devlet Hastanesi
40.43785535000001;39.500851158149686;Gümüşhane Devlet Hastanesi
40.443666300000004;29.717225531916537;İznik Devlet Hastanesi
40.47672705;32.653622525;Kızılcahamam Devlet Hastanesi
40.49703485;29.302762326432717;Orhangazi Devlet Hastanesi
40.53297765000001;34.9261059636039;Çorum Erol Olçok Eğitim ve Araştırma Hastanesi
40.54115035;41.987855987249176;Oltu Devlet Hastanesi
40.554936999999995;34.97481508088235;Özel Elitpark Hastanesi
40.561390349999996;39.295821892582254;Torul Devlet Hastanesi
40.5722705;34.962273129536555;Özel Çorum Özel Hastanesi
40.5732148;43.09136477468567;Kars Harakani Devlet Hastanesi
40.574929499999996;36.95902883938014;Niksar Devlet Hastanesi
40.60050085;33.61532283714547;Çankırı Karatekin Hastanesi
40.61996725;27.09419186361186;Şarköy Devlet Hastanesi
40.6236662;33.60806380728796;Çankırı Devlet Hastanesi
40.6425805;29.2588958;Atakent Yalova Hastanesi
40.64320395;29.1188401933354;Çınarcık Devlet Hastanesi
40.66314025;29.307435358849183;Yalova Devlet Hastanesi
40.66430325;29.320280722408665;Özel Aktif Hastanesi
40.66579365;30.59426224513866;Akyazı Devlet Hastanesi
40.67787455;36.52683822652956;Erbaa Devlet Hastanesi
40.6842985;29.588351088607418;Karamürsel Devlet Hastanesi
40.7005544;39.0886797;Gümüşhane Kürtün Devlet Hastanesi
40.708185;30.3796984178193;Sakarya Toyotasa Hastanesi
40.7181676;29.814822822670834;Gölcük Devlet Hastanesi
40.7238459;38.46349482843867;Dereli Devlet Hastanesi
40.732861400000004;31.602316310683328;Fatma Hatun Hastanesi
40.7387765;31.582474;Bala Devlet Hastanesi
40.74264805;31.60952936609662;Bolu Köroğlu Devlet Hastanesi
40.7438068;31.5683351;İzzet Baysal Devlet Hastanesi
40.74697999999999;31.612310513840825;Özel Çağsu Hastanesi
40.74933875;31.56598786596698;Bolu İzzet Baysal Eğitim ve Araştırma Hastanesi
40.753116899999995;36.340733215363606;Taşova Devlet Hastanesi
40.7571126;30.389606882758812;Sakarya Eğitim ve Araştırma Hastanesi
40.75954945;29.975824618327245;Kocaeli Akademi Hastanesi
40.75954945;29.975824618327245;Körfez Marmara Hastanesi
40.7605707;30.36215290643072;Özel Medar Sakarya Hastanesi
40.7611803;29.812293604167998;Derince Eğitim Ve Araştırma Hastanesi
40.763796049999996;29.900055495430685;Seka Devlet Hastanesi
40.7639966;29.965732570529756;Özel Konak Hastanesi
40.7664244;29.9659599;Özel Denge Tıp Merkezi
40.76675535;29.96798687440197;Özel İlgi Çocuk Tıp Merkezi
40.76739455;29.93893742632335;Kocaeli Devlet Hastanesi
40.769949249999996;30.721623713555395;Hendek Devlet Hastanesi
40.77002545;29.961117628457963;Cihan Hastanesi
40.7727757;30.4059941;Palmiye Hastanesi
40.7796784;30.993829;Gölyaka Devlet Hastanesi
40.7801606;30.4018307;Yenikent Devlet Hastanesi
40.7814324;30.4001928;Sakarya Bilge Hastanesi
40.7874867;37.60273604362083;Gölköy Devlet Hastanesi
40.7874867;37.60273604362083;Gürgentepe Devlet Hastanesi
40.7883995;29.556458214317356;Dilovası Devlet Hastanesi
40.7904824;29.421480264232464;Kocaeli Hastanesi
40.7907922;29.420152380569593;Gebze Fatih Devlet Hastanesi
40.79446275;37.015873121035426;Akkuş Devlet Hastanesi
40.79875585;32.19090314385492;Gerede Devlet Hastanesi
40.8130075;41.550826505001226;Yusufeli Devlet Hastanesi
40.82596595;35.651275668631385;Suluova Devlet Hastanesi
40.828415699999994;29.307493836570316;Tuzla Mercan Hastanesi
40.83243535;31.1828350918013;Özel Düzce Çağsu Hastanesi
40.83243535;31.1828350918013;Özel A Hastanesi
40.834157399999995;26.63221919417024;Keşan Devlet Hastanesi
40.83893745;33.2850287105042;Kurşunlu Devlet Hastanesi
40.8423152;31.155642;Güneş Tıp Merkezi
40.843249150000005;31.13736319900773;Düzce Atatürk Devlet Hastanesi
40.8442362;29.3022075;Tuzla Devlet Hastanesi
40.84756675;29.294315820001884;Tuzla Gisbir Hastanesi
40.8489882;29.301882491955727;İstanbul Okan Üniversitesi Hastanesi
40.8506401;30.291053177988285;Sakarya Korucuk Eğitim ve Araştırma Hastanesi
40.8595569;26.61995380584907;Özel Keşan Hastanesi
40.87345345;29.2532498;Kaynarca Devlet Hastanesi
40.8770079;29.229438804916455;Pendik Devlet Hastanesi
40.8784676;29.235361;Pendik Anadolu Tıp Merkezi
40.8786519;29.2352287;Özel Yaşam Tıp Merkezi
40.879281399999996;29.26149220114401;Özel Yüzyıl Hastanesi Pendik
40.8806148;35.2029631;Gümüşhacıköy Devlet Hastanesi
40.882882949999996;29.245709489919797;Özel Pendik Bölge Hastanesi
40.88302;29.2361908;Özel Pendik Şifa Hastanesi
40.8851933;26.92958483277991;İpsala Devlet Hastanesi
40.8851933;26.92958483277991;Malkara Devlet Hastanesi
40.886773399999996;29.263154405031123;Marmara Üniversitesi Pendik Hastanesi
40.887907850000005;39.29115255822541;Tonya Devlet Hastanesi
40.89070405;29.177649976394434;Avicenna Umut Hastanesi
40.89090855;29.182007339383937;Kızılay Kartal Hastanesi
40.90383455;31.175109150080694;Düzce Üniversitesi Hastanesi
40.907361765102046;29.15885458941513;Özel Vera Hastanesi Kartal
40.910304855609596;29.13636013658638;Özel Dragos Tıp Merkezi
40.9105878;29.298201113179395;Kurtköy Ersoy Hastanesi
40.9116751;40.1318839;Sürmene Devlet Hastanesi
40.9126941;35.89424931515224;Ladik Devlet Hastanesi
40.91325755;38.444207644661574;Giresun Ada Hastanesi
40.9135178;38.3841468;Giresun Kent Hastanesi
40.90910819565705;38.34822450765502;Giresun Üniversitesi Hastanesi
40.9167505;40.04381421220843;Araklı Devlet Hastanesi
40.91716011300754;29.17139676900884;Kartal Şehir Hastanesi
40.9208833;29.1375855356682;Özel Maltepe Bölge Hastanesi̇
40.92236585;29.15372974933986;İstanbul Onkoloji Hastanesi
40.9241268;29.2895592;Emsey Hastanesi
40.924788;29.1305306;Özel Maltepe Tıp Merkezi
40.9250969;29.29130053626258;Özel Adatıp İstanbul Hastanesi
40.9256015;29.135141544007983;Maltepe Üniversitesi Hastanesi
40.9331476;29.134779818350783;Maltepe Ersoy Hastanesi
40.93343782588957;29.132790541191095;Özel Maltepe Ersoy Hastanesi
40.937092;29.135125951300985;Maltepe Devlet Hastanesi
40.93966105;32.515657224717;Eskipazar Devlet Hastanesi
40.94051949999999;29.1426058;Özel Kardelen Tıp Merkezi
40.94304525;40.26980010849856;Of Devlet Hastanesi
40.9457568;32.07558357772781;Mengen Devlet Hastanesi
40.94800420020372;29.11223558338523;Özel İbni Sina Tıp Merkezi
40.955189770237865;29.103151952867506;Kızılay Altıntepe Tıp Merkezi
40.9572627;29.0950636;Bostancı Tıp Merkezi
40.9652669;29.2717825;Özel Sultanbeyli Tıp Merkezi
40.966032664540904;29.100408990996204;Kozyatağı Central Hospital Hastanesi
40.966572;29.2694043;Sultanbeyli Ersoy Hastanesi
40.96704605;29.11051528458765;Bayındır İçerenköy Hastanesi
40.9689865;29.10353249797609;Yeditepe Üniversitesi Hastanesi
40.9697567;29.2581715;Saygı Hastanesi
40.9706977;37.887994048406924;Ordu Devlet Hastanesi
40.97192165;37.89364566289663;Özel Ordu Umut Hastanesi
40.974636399999994;29.05454485;Lifemed Tıp Merkezi
40.9748481;29.0453193;Kalamış Tıp Merkezi
40.976372999999995;37.8756834948164;Ordu Üniversitesi Hastanesi
40.9766824;29.09307341342189;Acıbadem Kozyatağı Hastanesi
40.9779751;29.0462492;MedAmerikan Tıp Merkezi
40.9782768;37.90548060612274;Özel Medical Park Ordu Hastanesi
40.9789314;29.1160279;Özel Formmed Polikliniği
40.9792444;29.110732300000002;Eren Hastanesi
40.97938372651111;29.108516054099493;Avicenna Ataşehir Hastanesi
40.979850600000006;35.67709474817465;Havza Devlet Hastanesi
40.9800484;34.80369796576254;Osmancık Devlet Hastanesi
40.9800484;34.80369796576254;Derindere Hastanesi
40.98160795;29.04160563552287;Kadıköy Florence Nightingale Hastanesi
40.98160795;29.04160563552287;İstanbul Florence Nightingale Hastanesi
40.9830615;27.570178767591784;Tekirdağ Yaşam Hastanesi
40.9835928;29.106784750875548;Medicana Ataşehir Hastanesi
40.98371918119835;29.106820609286995;Özel Medicana Ataşehir Hastanesi
40.98376045;28.87284715198085;Özel Yaşar Hastanesi
40.9839274;27.51525626621827;Tekirdağ Devlet Hastanesi
40.984246907136246;29.10696538789676;Özel Memorial Ataşehir Hastanesi
40.9842742;29.097729;Anadolu Sağlık Ataşehir Tıp Merkezi
40.9845738;29.1071381;Memorial Ataşehir Hastanesi
40.9847264;28.731457959265743;Avcılar Murat Kölük Devlet Hastanesi
40.98488483740132;29.108960939022733;Özel İstanbul Florence Nightingale Hastanesi
40.985626573314825;29.1088946292506;Özel Acıbadem Ataşehir Tıp Merkezi
40.9856421;29.108732354954235;Acıbadem Ataşehir Tıp Merkezi
40.9860185;29.065605992386047;Göztepe Hastanesi
40.9861073;29.2844674;Sultanbeyli Devlet Hastanesi
40.98689075;28.783847448416722;Doğan Hastanesi
40.98714975;29.056526095455165;Göztepe Şehir Hastanesi
40.989380100000005;28.870147285193134;Özel Çamlık Hastanesi
40.992459249999996;28.840732646961804;Ataköy Hastanesi
40.9932876;28.852819975332444;Memorial Bahçelievler Hastanesi
40.99392555;28.91542509095454;Yedikule Surp Pırgiç Ermeni Hastanesi
40.994995849999995;39.72562923257494;Trabzon Kemik Hastanesi
40.99604805;28.870276500000003;Estethica Bakırköy Tıp Merkezi
40.996201299999996;29.04518710896505;Çağıner Hastanesi
40.996499650000004;28.607605021562204;Büyükçekmece Devlet Hastanesi
40.9966231;28.6250073;Beykent Cerrahi Tıp Merkezi
40.99738725;28.866987150059092;Aile Hastanesi
40.997624349999995;28.834860196783627;Özel İlke Hastanesi
40.9978039;27.58594518817612;Namık Kemal Üniversitesi Hastanesi
40.99841765;28.89434720245322;Sante Plus Hastanesi
40.99942385;28.83027171303928;Nisa Hastanesi
40.99951515;39.70017380921993;Medical Park Karadeniz Hastanesi
40.9996039;28.9175398;İstanbul Balıklı Rum Hastanesi
41.000698299999996;29.021077507743144;Sultan Abdülhamid Eğitim ve Araştırma Hastanesi
41.000888399999994;39.70194196310439;Trabzon Fatih Devlet Hastanesi
41.001052900000005;28.88025830154254;İstanbul Memorial Hizmet Hastanesi
41.00320045;28.938082272436425;İstanbul Samatya Eğitim ve Araştırma Hastanesi
41.0041021;38.8284012;Tirebolu Devlet Hastanesi
41.0042286;28.9310756;Umut Polikliniği
41.0043225;28.9317192;Ceylan Tıp Merkezi
41.0044482;29.0227593;Haydarpaşa Numune Hastanesi
41.0052984;29.196985859804258;Sancaktepe İlhan Varank Hastanesi
41.005324;39.70690225814319;Trabzon Numune Hastanesi
41.005324;39.70690225814319;Trabzon Kanuni Eğitim ve Araştırma Hastanesi
41.0054462;28.7061163;Özel Avcılar Anadolu Hastanesi
41.0054462;28.7061163;Avcılar Hospital Hastanesi
41.0056911;29.2156105;Sancaktepe Bölge Hastanesi
41.00660805;28.87004236154023;Özel Medicana Bahçelievler Hastanesi
41.0072379;29.042886083696054;Acıbadem Kadıköy Hastanesi
41.0074949;27.525102961130067;Tekirdağ Şehir Hastanesi
41.007806200000005;28.798268355429126;Özel Rumeli Hastanesi
41.00819185;39.72785654643449;İmperial Hastanesi
41.00964435;28.899235042580415;Haseki Eğitim ve Araştırma Hastanesi
41.012821200000005;34.04672923597697;Tosya Devlet Hastanesi
41.0133223;28.93417617606297;Özel Çapa Hastanesi
41.0140598;29.196468799999998;Çamlık Tıp Merkezi
41.014828949999995;28.93346085527883;Medilife Çapa Hastanesi
41.01506725;28.892494815757452;Hayat Tıp Merkezi
41.01544905;28.93394769284336;Marmara Tıp Merkezi
41.0156766;28.9507717;Özel Fatih Hastanesi
41.01588675;29.038973517392805;Üsküdar Devlet Hastanesi
41.01694515;39.594174470967744;Akçaabat Haçkalı Baba Devlet Hastanesi
41.0169603;28.93386518781022;Çapa İstanbul Tıp Fakültesi Hastanesi
41.018426649999995;28.93553135801907;Adnan Menderes Üniversitesi Hastanesi
41.0189721;29.046261642588895;Acıbadem Altunizade Hastanesi
41.0205828;28.5809717;Özel 2000 Tıp Merkezi
41.0208712;28.866725744169837;İlgi Hastanesi
41.0216789;28.8393232;Özel Median Hastanesi
41.0219727;29.1931524;Çekmeköy Tıp Merkezi
41.0242924;28.9743145;Özel Avusturya Sen Jorj Hastanesi
41.0247673;29.083351784866657;Medicana Çamlıca Hastanesi
41.025686050000004;28.685127797045027;Özel Avrupa Tıp Merkezi
41.0268389;28.871753468706295;Özel Güngören Hastanesi
41.0282948;40.51450378045489;Rize Devlet Hastanesi
41.0282948;40.51450378045489;Reşadiye Devlet Hastanesi
41.02922615;29.11423677093554;Np İstanbul Beyin Hastanesi
41.032500049999996;28.683021346686733;Esenyurt Devlet Hastanesi
41.0330754;28.90111513467333;Bayrampaşa Kolan Hastanesi
41.033112;28.983182669674928;Taksim Eğitim ve Araştırma Hastanesi
41.0345832;28.8550884;Özel Hospitalist Hastanesi
41.03526505;28.79418864651113;Özel Halkalı Kent Hastanesi
41.03651805;37.479327407409066;Fatsa Devlet Hastanesi
41.0367547026966;29.235418284573996;Çekmeköy Devlet Hastanesi
41.03679975;28.858031699999998;Yeni İklim Hastanesi
41.0373805;40.57118489571428;Rize Eğitim ve Araştırma Hastanesi
41.03750445;28.990071851641112;Şişli Hamidiye Etfal Eğitim ve Araştırma Hastanesi
41.03842865;28.945596110271385;Özel Balat Hastanesi
41.0401655;28.8255394;Çakmak Erdem Hastanesi
41.0401655;28.8255394;Güneşli Erdem Hastanesi
41.04172235;28.902641744030333;Bayrampaşa Devlet Hastanesi
41.047359549999996;39.26926956834358;Vakfıkebir Devlet Hastanesi
41.049820499999996;28.875708818835097;Esenler Ensar Hastanesi
41.05134765;28.866282932457594;Birlik Hastanesi
41.0525784;28.9601435;Özel Okmeydanı Hastanesi
41.0533806;28.9952948;Amerikan Hastanesi
41.0546423;28.7596271007109;Kanuni Sultan Süleyman Hastanesi
41.0555721;28.9980027;İstanbul Cerrahi Hastanesi
41.0555721;28.9980027;Nişantaşı Hastanesi
41.0556883;28.9996231;Acıbadem Fulya Hastanesi
41.0556883;28.9996231;İstanbul Hospital Hastanesi
41.0565285;28.912170417993103;Ekotom Cerrahi Tıp Merkezi
41.05744235;28.940837722833358;Eyüp Devlet Hastanesi
41.057449;28.9158289;Belde Tıp Merkezi
41.058824900000005;28.907849962284494;Gaziosmanpaşa Üniversitesi Hastanesi
41.0588508;28.90715826793295;Medical Park Gaziosmanpaşa Hastanesi
41.0596967;28.9123842;Özel Avrupa Şafak Hastanesi
41.0596967;28.9123842;İstanbul Şafak Hastanesi
41.0603935;28.676008900000003;Elitium Cerrahi Tıp Merkezi
41.0616496;28.972695618160877;Memorial Şişli Hastanesi
41.0619819;28.990586241887044;Fransız Lape Hastanesi
41.0624232;28.8549452;Özel Öz İstanbul Tıp Merkezi
41.06242695;28.928896779832172;Özel Yıldız Academia Hastanesi
41.06288095;28.9946801;Özel Kadıoğlu Hastanesi
41.0628918;28.8551006;Özel Işık Tıp Merkezi
41.064615700000004;30.131348645751487;Kandıra Devlet Hastanesi
41.06479355;28.974496914197132;Okmeydanı Şehir Hastanesi
41.0672214;29.0013232;Çevre Hastanesi
41.0672597;36.0371891;Kavak Devlet Hastanesi
41.0695422;28.9073845;Özel Bilge Hastanesi
41.07106315;28.999194780287553;İstanbul Tıp Merkezi
41.07166755;30.862215230475815;Kocaali Devlet Hastanesi
41.0719952;28.258499;Alibey Hospital Hastanesi
41.0719952;28.258499;Silivri Kolan Hastanesi
41.073873;28.9038241;Özel Asya Hastanesi
41.076370600000004;29.021453344441717;Acıbadem Etiler Tıp Merkezi
41.0767598;28.906398;Avrasya Hastanesi Gaziosmanpaşa
41.0767598;28.906398;Avrasya Hastanesi
41.0779226;28.2501802;Silivri Devlet Hastanesi
41.0797533;28.9066811;Özel Gaziosmanpaşa Hastanesi
41.07979815;28.90667789656461;Özel Başarı Hastanesi
41.08517555;36.82409004968065;Salıpazarı Devlet Hastanesi
41.0863463;28.89807722230809;İstanbul Gaziosmanpaşa Eğitim ve Araştırma Hastanesi
41.0868326;31.1157346;Akçakoca Devlet Hastanesi
41.0881566;29.094836509343224;İstanbul Medipol Hastanesi
41.089807;30.738136021509973;Karasu Devlet Hastanesi
41.0901245;29.00503870908603;Özel Levent Hastanesi
41.0922886;29.001214425922313;Kağıthane Devlet Hastanesi
41.09388035;29.091122504551592;FSM Tıp Merkezi Kavacık
41.0940572;29.10134205901913;Medistate Kavacık Hastanesi
41.101024;28.898591974610895;İstanbul Gazi Hastanesi
41.1019034;28.7875219;Özel Başakşehir Aktif Tıp Merkezi
41.1019034;28.7875219;Özel Başakşehir Tıp Merkezi
41.10322555;28.77769849496329;Başakşehir Şehir Hastanesi
41.105074599999995;42.69058267965677;Ardahan Devlet Hastanesi
41.1061142;28.8603227975583;Özel Bahat Hastanesi
41.10710415;37.35540916098165;Ünye Devlet Hastanesi
41.1150451;29.055703302982675;İstinye Devlet Hastanesi
41.1155241;28.9988685;Sarıyer Tıp Merkezi
41.1181509;28.808623786357582;Başakşehir Devlet Hastanesi
41.1272813;29.024683646716355;Acıbadem Maslak Hastanesi
41.1295442;42.0754445;Ardanuç Devlet Hastanesi
41.1343398;28.4669688;Çatalca Devlet Hastanesi
41.134987100000004;35.46202663368804;Vezirköprü Devlet Hastanesi
41.1398018;37.28200545182864;Ünye Çakırtepe Hastanesi
41.141518399999995;27.839295018098998;Çorlu Devlet Hastanesi
41.153442049999995;27.828656693046835;Çorlu Reyap Hastanesi
41.153926549999994;29.09344745;Beykoz Devlet Hastanesi
41.1570443;27.4933371;Muratlı Devlet Hastanesi
41.157809349999994;29.027601789328074;Sarıyer Hamidiye Etfal Hastanesi
41.161673050000005;27.801214481108374;Özel Çorlu Vatan Hastanesi
41.1622849;29.572865394999845;Şile Devlet Hastanesi
41.1693338;29.0567711;Sarıyer İsmail Akgün Devlet Hastanesi
41.17753515;28.746979497736877;Arnavutköy Devlet Hastanesi
41.17799385;28.88930505534548;Özel Göktürk Florence Nightingale Tıp Merkezi
41.180220399999996;40.94313303850704;Kaçkar Devlet Hastanesi
41.1818647;41.81845015714856;Artvin Devlet Hastanesi
41.2106225;36.74769977877222;Çarşamba Devlet Hastanesi
41.21236935;27.099592693903684;Hayrabolu Devlet Hastanesi
41.21399665;36.95591032758131;Terme Devlet Hastanesi
41.2281416;31.970661416162784;Devrek Devlet Hastanesi
41.2446797;33.32571598751558;Araç Devlet Hastanesi
41.2446797;33.32571598751558;Daday Devlet Hastanesi
41.2528297;32.68508172354133;Safranbolu Devlet Hastanesi
41.256772749999996;42.350762761544104;Şavşat Devlet Hastanesi
41.26457284999999;26.68965878933431;Uzunköprü Devlet Hastanesi
41.2647976;26.6894589;Edirne Devlet Hastanesi
41.2649239;36.33928277224975;Atasam Hastanesi
41.273167;31.432086819992662;Karadeniz Ereğli Echomar Hastanesi
41.2772303;41.56264276808833;Murgul Devlet Hastanesi
41.279739500000005;36.33160914478661;Samsun Gazi Devlet Hastanesi
41.2809405;31.492287483333335;Karadeniz Ereğli Devlet Hastanesi
41.28421935;28.01151948270728;Çerkezköy Devlet Hastanesi
41.29221135;36.33448385;Samsun Büyük Anadolu Hastanesi
41.294674400000005;27.99810314960276;Çerkezköy Optimed Hastanesi
41.2964608;36.332501050000005;Samsun Liman Hastanesi
41.30578239164942;32.13948576754138;Gökçebey Devlet Hastanesi
41.351238550000005;41.29959550157453;Arhavi Devlet Hastanesi
41.37147915;36.21165690732718;Ondokuz Mayıs Üniversitesi Hastanesi
41.3806982;33.777487658202936;Kastamonu Anadolu Hastanesi
41.38695265;41.4502946386022;Hopa Devlet Hastanesi
41.3931673;27.3588492;Özel Bir Nefes Hastanesi
41.3981218;27.373438730214723;Lüleburgaz Devlet Hastanesi
41.4001042;27.3646525;Özel Lüleburgaz Tıp Merkezi
41.4036983;27.3551443;Lüleburgaz Derman Hastanesi
41.406936349999995;27.28406889794835;Özel Balkan Hastanesi
41.407908;27.332528978347906;Özel Medikent Hastanesi
41.4150138;31.70437663500535;Bülent Ecevit Üniversitesi Hastanesi
41.418055949999996;33.788138476644605;Kastamonu Devlet Hastanesi
41.4210313;35.04590205428498;Durağan Devlet Hastanesi
41.423844849999995;32.06955939733294;Çaycuma Devlet Hastanesi
41.4374054;27.93082252597004;Saray Devlet Hastanesi
41.4408254;27.0637055;Kırklareli Devlet Hastanesi
41.4410363;27.0630816;Babaeski Devlet Hastanesi
41.50359435;42.72855898641778;Posof Devlet Hastanesi
41.55168035;35.92988029538505;Bafra Devlet Hastanesi
41.57470445;27.761087430582524;Vize Devlet Hastanesi
41.6276183;32.35526197005778;Bartın Devlet Hastanesi
41.6302616;27.516109806879108;Pınarhisar Devlet Hastanesi
41.6370285;32.3310527;Bartın Yaşam Tıp Merkezi
41.6382069;26.615376397476197;Trakya Üniversitesi Tıp Fakültesi Hastanesi
41.67568819116722;26.557857857704303;Özel Trakya Hastanesi
41.6523018;26.5936267;Özel Ekol Hastanesi
41.8396321;26.7316031;Lalapaşa Devlet Hastanesi
41.8779008;34.909429993417604;Erfelek Devlet Hastanesi
41.927106050000006;34.58449466642793;Pazarcık Devlet Hastanesi
41.927106050000006;34.58449466642793;Ayancık Devlet Hastanesi
41.959827649999994;34.010692470171705;Bozkurt Devlet Hastanesi
41.976733249999995;34.00825795855019;Abana Devlet Hastanesi
42.023176899999996;35.15701003619314;Sinop Atatürk Devlet Hastanesi
38.02064880447115;38.615710564191915;Sincik Devlet Hastanesi
37.79552868313324;37.90496960228891;Tut Devlet Hastanesi
38.056944993623986;30.14808306604485;Dinar Devlet Hastanesi
38.85605957592341;30.763968479542385;İscehisar Devlet Hastanesi
38.75284417841731;30.246929698624307;Sinanpaşa Devlet Hastanesi
38.53215434158133;30.559648523720544;Şuhut Devlet Hastanesi
38.39549082983306;34.02557738942155;Aksaray Devlet Eğitim ve Araştırma Hastanesi
38.39313851351006;33.4202112679;Eskil Devlet Hastanesi
38.40391291006969;34.335634679015435;Gülağaç Devlet Hastanesi
40.66143687440534;35.84714595627894;Amasya Sabuncuoğlu Serefeddin Devlet Hastanesi
40.39299053468259;35.52089941209644;Göynücek Devlet Hastanesi
40.867555567074284;35.43802723723163;Merzifon Kara Mustafa Paşa Devlet Hastanesi
39.93186229189596;32.859298532117776;Ankara Üniversitesi Tıp Fakültesi İbni Sina Hastanesi
39.95398925851071;32.85251637604854;Dışkapı Eğitim ve Araştırma Hastanesi
39.937617536455;32.87093307532256;Ulucanlar Göz Hastanesi
39.9344908263188;32.82336622125116;Gazi Üniversitesi Tıp Fakültesi Hastanesi
40.20761120412959;32.24697151394758;Güdül Devlet Hastanesi
40.11163268357365;33.40893036166872;Kalecik Devlet Hastanesi
40.001974545045904;32.854418459173345;Atatürk Sanatoryum Göğüs Hastalıkları Hastanesi
39.969426752412296;32.694998153223295;Yenimahalle Devlet Eğitim ve Araştırma Hastanesi
37.0417264;31.7854412;Akseki Devlet Hastanesi
36.544443;31.995408;Alanya Devlet Eğitim ve Araştırma Hastanesi
36.2420453;30.0166361;Demre Devlet Hastanesi
40.78785269999999;42.6233268;Göle Devlet Hastanesi
40.0287523;42.1484152;Horasan Devlet Hastanesi
40.4905811;41.0023046;İspir Devlet Hastanesi
40.827808;42.128556;Olur Devlet Hastanesi
40.4456261;40.7182776;Pazaryolu Devlet Hastanesi
40.5733144;42.3421986;Şenkaya Devlet Hastanesi
39.689399;31.205772;Beylikova Devlet Hastanesi
39.3938505;31.8173078;Günyüzü Devlet Hastanesi
39.49437;30.986353;Mahmudiye Devlet Hastanesi
39.7726256;30.5120695;Eskişehir Yunus Emre 2 Eylül Hastanesi
37.78864385528219;30.57373286459069;Isparta Şehit Yunus Emre Devlet Hastanesi
39.4404429;31.5357726;Sivrihisar Devlet Hastanesi
37.42537;37.689557;Araban Devlet Hastanesi
37.0083403;37.8024482;Nizip Devlet Hastanesi
36.9632054;37.5070809;Oğuzeli Devlet Hastanesi
37.0565419;37.4170102;Gaziantep Abdulkadir Yüksel Devlet Hastanesi
37.0399996;37.318901;Gaziantep Üniversitesi Hastanesi
40.89938472815413;38.43762416449169;Giresun Aksu Devlet Eğitim Araştırma Hastanesi
40.3314744;38.7610943;Alucra Devlet Hastanesi
40.9399384;38.244618;Bulancak Devlet Hastanesi
40.1341986;38.7361312;Çamoluk Devlet Hastanesi
40.9617289;38.7404519;Espiye Devlet Hastanesi
41.0524386;39.1223912;Eynesil Devlet Hastanesi
41.0371;38.97929999999999;Görele Devlet Hastanesi
40.78785269999999;42.6233268;Göle Devlet Hastanesi
41.3637;41.6791;Borçka Devlet Hastanesi
37.969989;28.74162;Buharkent Devlet Hastanesi
37.556691;27.836332;Karpuzlu Devlet Hastanesi
37.8247258;28.2053609;Aydın Yenipazar Devlet Hastanesi
39.749872;27.578821;Balya Devlet Hastanesi
40.0425663;27.972133;Manyas Devlet Hastanesi
39.2463672;28.1764892;Sındırgı Devlet Hastanesi
39.9068036;30.0720928;Bozüyük Devlet Hastanesi
40.2805922;30.3113128;Gölpazarı Devlet Hastanesi
40.0099106;29.8352303;Pazaryeri Devlet Hastanesi
38.4075895;41.929668;Mutki Devlet Hastanesi
40.4105073;30.7810324;Göynük Devlet Hastanesi
40.4600632;31.2150078;Mudurnu Devlet Hastanesi
37.1443683;29.5079032;Gölhisar Devlet Hastanesi
39.7753355;28.8825545;Büyükorhan Devlet Hastanesi
39.91288600000001;29.235896;Keleş Devlet Hastanesi
40.0381888;27.0704899;Çan Devlet Hastanesi
39.7768363;26.3503714;Ezine Devlet Hastanesi
40.8189561;32.8998084;Çerkeş Devlet Hastanesi
40.9298161;33.6220794;Ilgaz Devlet Hastanesi
40.175965;34.8573701;Alaca Devlet Hastanesi
40.6365823;34.2762574;Bayat Devlet Hastanesi
40.7266876;34.4666487;İskilip Devlet Hastanesi
41.1334803;34.4850808;Kargı Devlet Hastanesi
40.5228577;35.289051;Mecitözü Devlet Hastanesi
40.75429;34.704836;Oğuzlar Devlet Hastanesi
40.44204920000001;34.460485;Uğurludağ Devlet Hastanesi
37.072591;29.344191;Çameli Devlet Hastanesi
37.5758961;29.270211;Serinhisar Devlet Hastanesi
38.212324;39.288407;Çüngüş Devlet Hastanesi
38.4077209;40.4024917;Hani Devlet Hastanesi
38.2496509;40.7829281;Hazro Devlet Hastanesi
38.5258521;41.14223339999999;Kulp Devlet Hastanesi
38.4667881;40.644003;Lice Devlet Hastanesi
41.54886;26.82278;Havsa Devlet Hastanesi
41.195697;26.423841;Meriç Devlet Hastanesi
39.7602437;39.509467;Erzincan Mengüçek Gazi Eğitim ve Araştırma Hastanesi
39.80734820000001;40.0384338;Çayırlı Devlet Hastanesi
39.456484;38.564713;İliç Devlet Hastanesi
39.6024132;39.0339839;Kemah Devlet Hastanesi
39.9736;40.02209999999999;Otlukbeli Devlet Hastanesi
39.901177;38.770034;Refahiye Devlet Hastanesi
40.8952179;38.8082127;Güce Devlet Hastanesi
40.8594272;38.6258081;Yağlıdere Devlet Hastanesi
40.2084589;39.6559332;Köse Devlet Hastanesi
37.24705549999999;43.6133523;Çukurca Devlet Hastanesi
36.114395;36.249593;Altınözü Devlet Hastanesi
36.941684;36.2139354;Erzin Devlet Hastanesi
36.7941296;36.5277004;Hassa Devlet Hastanesi
36.3587217;36.4216897;Hatay Kumlu Devlet Hastanesi
35.9061419;36.0521246;Yayladağı Devlet Hastanesi
40.0447971;43.6677702;Tuzluca Devlet Hastanesi
37.827382;30.54023269999999;Süleyman Demirel Üniversitesi Hastanesi
37.8581431;30.8494772;Eğirdir Kemik Hastanesi
38.1263275;31.0020487;Gelendost Devlet Hastanesi
37.9488305;30.3035914;Keçiborlu Devlet Hastanesi
38.0836077;31.37011039999999;Şarkikaraağaç Devlet Hastanesi
38.105204;30.5557711;Senirkent Devlet Hastanesi
37.4932891;30.9722433;Isparta Sütçüler Devlet Hastanesi
40.9505017;29.138503;Marmara Üniversitesi Başıbüyük Asaf Ataseven Hastanesi
40.9490598;29.1392112;Süreyyapaşa Meslek Hastalıkları Hastanesi
41.0320085;29.1021202;Ümraniye Devlet Eğitim ve Araştırma Hastanesi
41.1552333;28.619479;Hadımköy İsmail Niyazi Kurtulmuş Hastanesi
41.0302236;28.8700035;Bağcılar Devlet Eğitim ve Araştırma Hastanesi
40.9831984;28.8536084;Bakırköy Sadi Konuk Devlet Eğitim ve Araştırma Hastanesi
41.052098;29.0083355;Beşiktaş Sait Çiftçi Devlet Hastanesi
41.003979;28.939803;Cerrahpaşa Tıp Fakültesi Hastanesi
41.0949607;29.05373;Baltalimanı Kemik Hastanesi
41.105298;28.8725851;Sultangazi Haseki Eğitim ve Araştırma Hastanesi
39.0898097;27.3629246;Kınık Devlet Hastanesi
38.4278002;27.1391182;Behçet Uz Çocuk Hastalıkları Hastanesi
37.5679925;36.3469459;Andırın Devlet Hastanesi
41.19562;32.622654;Karabük Devlet Eğitim ve Araştırma Hastanesi
41.4290229;32.9643214;Eflani Devlet Hastanesi
37.181009;33.22224300000001;Karaman Devlet Eğitim ve Araştırma Hastanesi
40.7405672;43.6214251;Akyaka Devlet Hastanesi
40.8512201;43.32459069999999;Kars Arpaçay Devlet Hastanesi
40.46230389999999;42.79661189999999;Kars Selim Devlet Hastanesi
41.6319546;33.3121679;Azdavay Devlet Hastanesi
41.9550085;34.2041662;Çatalzeytin Devlet Hastanesi
41.8911566;32.992158;Cide Devlet Hastanesi
41.9609242;33.75133539999999;İnebolu Devlet Hastanesi
38.9933328;36.16913230000001;Akkışla Devlet Hastanesi
39.1053487;35.5220012;Felahiye Devlet Hastanesi
38.623977;35.1858532;İncesu Devlet Hastanesi
38.7219303;36.3886456;Kayseri Pınarbaşı Devlet Hastanesi
38.4747452;36.5114247;Sarız Devlet Hastanesi
38.1129758;35.3616738;Yahyalı Devlet Hastanesi
39.8710663;33.4515117;Kırıkkale Tıp Fakültesi Hastanesi
39.943687;34.032616;Delice Devlet Hastanesi
39.5844036;33.3965507;Karakeçili Devlet Hastanesi
39.67315019999999;33.615029;Keskin Devlet Hastanesi
40.16824159999999;33.7210923;Sulakyurt Devlet Hastanesi
39.146078;34.1594989;Kırşehir Devlet Eğitim ve Araştırma Hastanesi
39.6057814;34.4207444;Çiçekdağı Devlet Hastanesi
39.3691126;33.7196908;Kaman Devlet Hastanesi
40.7708022;29.4068676;Darıca Farabi Devlet Eğitim ve Araştırma Hastanesi
40.8256725;29.9188251;Kocaeli Üniversitesi Umuttepe Hastanesi
40.775594;29.782817;Körfez Devlet Hastanesi
37.452598;32.371139;Akören Devlet Hastanesi
39.0205833;31.7921649;Çeltik Devlet Hastanesi
37.5718501;32.6574882;İçeriçumra Devlet Hastanesi
38.01373239999999;32.0097599;Derbent Devlet Hastanesi
37.39108;31.510087;Derebucak Devlet Hastanesi
38.1417442;31.6849246;Doğanhisar Devlet Hastanesi
37.267923;32.72742;Güneysınır Devlet Hastanesi
36.9890548;32.4643032;Hadim Devlet Hastanesi
37.9590175;31.5862725;Hüyük Devlet Hastanesi
37.861689;32.4450416;Konya Meram Devlet Hastanesi
37.9886706;32.4834697;Beyhekim Devlet Eğitim ve Araştırma Hastanesi
36.92518949999999;32.4948014;Taşkent Devlet Hastanesi
39.4254063;29.9637843;Kütahya Evliya Çelebi Devlet Hastanesi
39.215557;29.8719367;Aslanapa Devlet Hastanesi
39.196872;29.617246;Çavdarhisar Devlet Hastanesi
39.800999;29.612731;Domaniç Devlet Hastanesi
39.3388246;29.2655589;Emet Devlet Hastanesi
38.340931;37.964969;Akçadağ Devlet Hastanesi
39.0425773;38.4893695;Arapgir Devlet Hastanesi
38.103325;37.889593;Doğanşehir Devlet Hastanesi
38.5942887;38.1793457;Yazıhan Devlet Hastanesi
38.52242469999999;27.9339613;Manisa Ahmetli Devlet Hastanesi
39.1126127;27.6751558;Kırkağaç Devlet Hastanesi
38.733708;27.566928;Saruhanlı Devlet Hastanesi
38.6118645;27.4616534;Manisa Şehir Hastanesi
38.6145222;27.4066021;Manisa Merkezefendi Devlet Hastanesi
36.1157089;32.9728809;Bozyazı Devlet Hastanesi
36.7849164;28.8111956;Dalaman Devlet Hastanesi
36.7437144;27.6702228;Datça Devlet Hastanesi
37.4440528;28.3572436;Kavaklıdere Devlet Hastanesi
37.1644686;28.3736859;Muğla Sıtkı Koçman Üniversitesi Hastanesi
36.8535194;28.7594296;Ortaca Devlet Hastanesi
38.6825153;41.6929282;Hasköy Devlet Hastanesi
38.7330801;41.7724808;Korkut Devlet Hastanesi
38.5474777;34.4993252;Acıgöl Devlet Hastanesi
38.374548;34.733365;Derinkuyu Devlet Hastanesi
38.742565;34.619203;Gülşehir Devlet Hastanesi
37.9692425;34.6456043;Niğde Devlet Eğitim ve Araştırma Hastanesi
37.997985;34.371215;Altunhisar Devlet Hastanesi
38.184638;34.484965;Niğde Çiftlik Devlet Hastanesi
41.0339578;41.0071933;Çamlıhemşin Devlet Hastanesi
41.0902035;40.7270352;Çayeli Devlet Hastanesi
41.2665807;41.1363567;Fındıklı Devlet Guatr Hastanesi
40.9787794;40.612741;Güneysu Devlet Hastanesi
40.775235;40.561951;İkizdere Devlet Hastanesi
41.0121759;40.360629;İyidere Devlet Hastanesi
40.9296513;40.442924;Kalkandere Devlet Hastanesi
40.6775764;37.38561929999999;Aybastı Devlet Hastanesi
40.8318923;37.3437017;Korgan Devlet Hastanesi
40.8728634;37.2688074;Kumru Devlet Hastanesi
40.4636521;37.7705012;Mesudiye Devlet Hastanesi
40.872955;37.758539;Ulubey Devlet Hastanesi
40.9563749;30.49478;Ferizli Devlet Hastanesi
40.52156799999999;30.2953424;Geyve Devlet Hastanesi
40.505569;30.1822733;Pamukova Devlet Hastanesi
40.6891806;30.2569561;Sapanca Devlet Hastanesi
41.61164;35.5999132;Alaçam Devlet Hastanesi
41.0360793;36.2247325;Asarcık Devlet Hastanesi
39.594209;26.416148;Ayvacık Devlet Hastanesi
41.2717384;36.2981994;Samsun Eğitim ve Araştırma Hastanesi
37.3475852;38.5133746;Bozova Devlet Hastanesi
37.1684058;38.9944448;Harran Üniversitesi Hastanesi
36.8686798;39.0240556;Harran Devlet Hastanesi
41.4636011;34.7852726;Boyabat 75. Yıl Devlet Hastanesi
41.804081;35.1727725;Gerze Devlet Hastanesi
39.1927225;36.0821114;Gemerek Devlet Hastanesi
38.7270854;37.2475504;Gürün Devlet Hastanesi
37.4457976;42.8517829;Uludere Devlet Hastanesi
40.969332;27.95484;Marmara Ereğlisi Devlet Hastanesi
40.9976782;39.7712184;Karadeniz Teknik Üniversitesi Farabi Hastanesi
38.6742286;29.4058825;Uşak Devlet Eğitim ve Araştırma Hastanesi
38.3960951;28.9896473;Eşme Devlet Hastanesi
38.5030558;29.6849231;Sivaslı Devlet Hastanesi
39.1377265;43.925273;Çaldıran Devlet Hastanesi
38.20989369999999;43.5632679;Van Gürpınar Devlet Hastanesi
38.6573898;43.9716669;Özalp Devlet Hastanesi
38.575086;43.297719;Van Dursun Odabaş Hastanesi
40.5265922;28.827678;Armutlu Devlet Hastanesi
39.304892;35.644531;Çayıralan Devlet Hastanesi
39.6752518;35.4994402;Saraykent Devlet Hastanesi
39.640641;34.462676;Yerköy Devlet Hastanesi
41.46009;31.7940482;Zonguldak Atatürk Devlet Hastanesi
41.1253203;31.3945947;Alaplı Devlet Hastanesi
37.5858082;36.8193344;Sütçü İmam Üniversitesi Hastanesi
40.2198876;28.8704082;Uludağ Üniversitesi Tıp Fakültesi Hastanesi
39.1584335;34.16335225167458;Aşıkpaşa Hastanesi
39.910792913695005;32.802750101891576;Medicana International Ankara Hastanesi
39.9340955066276;32.83790736183079;Ankara Magnet Hastanesi
37.8549533623304;27.85863891771103;Adnan Menderes Üniversitesi Hastanesi
37.77308780059641;30.551496206056367;Özel Isparta Hastanesi
